<wsdl:definitions xmlns:xsd="http://www.w3.org/2001/XMLSchema" xmlns:wsdl="http://schemas.xmlsoap.org/wsdl/" xmlns:tns="http://ejb.br.ucl.cz/" xmlns:soap="http://schemas.xmlsoap.org/wsdl/soap/" xmlns:ns1="http://schemas.xmlsoap.org/soap/http" name="TaxiRequestManagerBeanService" targetNamespace="http://ejb.br.ucl.cz/">
	<wsdl:types>
		<xs:schema xmlns:xs="http://www.w3.org/2001/XMLSchema" xmlns:tns="http://ejb.br.ucl.cz/" elementFormDefault="unqualified" targetNamespace="http://ejb.br.ucl.cz/" version="1.0">
			<xs:element name="requestTaxi" type="tns:requestTaxi"/>
			<xs:element name="requestTaxiResponse" type="tns:requestTaxiResponse"/>
			<xs:complexType name="requestTaxi">
				<xs:sequence>
					<xs:element minOccurs="0" name="arg0" type="tns:taxiRequest"/>
				</xs:sequence>
			</xs:complexType>
			<xs:complexType name="taxiRequest">
				<xs:sequence>
					<xs:element minOccurs="0" name="clientContact" type="xs:string"/>
					<xs:element minOccurs="0" name="clientName" type="xs:string"/>
					<xs:element minOccurs="0" name="distance" type="xs:double"/>
					<xs:element minOccurs="0" name="from" type="xs:string"/>
					<xs:element minOccurs="0" name="location" type="xs:string"/>
					<xs:element minOccurs="0" name="selectedResponse" type="tns:taxiResponse"/>
					<xs:element minOccurs="0" name="to" type="xs:string"/>
				</xs:sequence>
			</xs:complexType>
			<xs:complexType name="taxiResponse">
				<xs:sequence>
					<xs:element minOccurs="0" name="price" type="xs:double"/>
					<xs:element minOccurs="0" name="request" type="tns:taxiRequest"/>
					<xs:element minOccurs="0" name="taxiDescription" type="xs:string"/>
					<xs:element minOccurs="0" name="taxiName" type="xs:string"/>
				</xs:sequence>
			</xs:complexType>
			<xs:complexType name="requestTaxiResponse">
				<xs:sequence>
					<xs:element minOccurs="0" name="return" type="xs:long"/>
				</xs:sequence>
			</xs:complexType>
		</xs:schema>
	</wsdl:types>
	<wsdl:message name="requestTaxiResponse">
		<wsdl:part element="tns:requestTaxiResponse" name="parameters"/>
	</wsdl:message>
	<wsdl:message name="requestTaxi">
		<wsdl:part element="tns:requestTaxi" name="parameters"/>
	</wsdl:message>
	<wsdl:portType name="TaxiRequestManager">
		<wsdl:operation name="requestTaxi">
			<wsdl:input message="tns:requestTaxi" name="requestTaxi"/>
			<wsdl:output message="tns:requestTaxiResponse" name="requestTaxiResponse"/>
		</wsdl:operation>
	</wsdl:portType>
	<wsdl:binding name="TaxiRequestManagerBeanServiceSoapBinding" type="tns:TaxiRequestManager">
		<soap:binding style="document" transport="http://schemas.xmlsoap.org/soap/http"/>
		<wsdl:operation name="requestTaxi">
			<soap:operation soapAction="" style="document"/>
			<wsdl:input name="requestTaxi">
				<soap:body use="literal"/>
			</wsdl:input>
			<wsdl:output name="requestTaxiResponse">
				<soap:body use="literal"/>
			</wsdl:output>
		</wsdl:operation>
	</wsdl:binding>
	<wsdl:service name="TaxiRequestManagerBeanService">
		<wsdl:port binding="tns:TaxiRequestManagerBeanServiceSoapBinding" name="TaxiRequestManagerBeanPort">
			<soap:address location="http://localhost:8080/blueresorts-ejb-1.0-SNAPSHOT/TaxiRequestManagerBean"/>
		</wsdl:port>
	</wsdl:service>
</wsdl:definitions>