<?xml version="1.0"?>
<store>
    <product code="PE316" amount="51"/>
    <product code="RI080" amount="88"/>
    <product code="QE091" amount="30"/>
    <product code="QU286" amount="95"/>
    <product code="PU441" amount="56"/>
    <product code="QE170" amount="47"/>
    <product code="SE125" amount="17"/>
    <product code="TI390" amount="56"/>
    <product code="TO120" amount="38"/>
    <product code="QO071" amount="81"/>
    <product code="QO350" amount="88"/>
    <product code="QE042" amount="81"/>
    <product code="RU090" amount="92"/>
    <product code="SE447" amount="-1000"/> <!-- CHYBNY STAV SKLADU -->
    <product code="PI287" amount="23"/>
    <product code="QA255" amount="90"/>
    <product code="SE433" amount="80"/>
    <product code="SA309" amount="52"/>
    <product code="XX449" amount="80"/>
    <product code="TI185" amount="56"/>
    <product code="TO280" amount="97"/>
    <product code="RI443" amount="17"/>
    <product code="PO040" amount="10"/>
    <product code="TU116" amount="11"/>
    <product code="QO408" amount="12"/>
    <product code="RA222" amount="98"/>
    <product code="RI407" amount="25"/>
    <product code="PI422" amount="75"/>
    <product code="PE217" amount="25"/>
    <product code="QI168" amount="56"/>
    <product code="SO999" amount="98"/>
</store>