<?xml version="1.0" ?><reservationsList><meetingCentres meetingCentreCode="EBC-MC_C7"><meetingRooms meetingRoomCode="EBC-C7-MR:1_1"><Reservation date="28/10/2016" timeFrom="10:00" timeTo="11:30" personsCount="4" customerName="Unicorn College" note="" videoNeeded="false" meetingRoomCode="EBC-C7-MR:1_1"></Reservation><Reservation date="28/10/2016" timeFrom="12:00" timeTo="13:30" personsCount="4" customerName="Unicorn College" note="" videoNeeded="false" meetingRoomCode="EBC-C7-MR:1_1"></Reservation><Reservation date="29/10/2016" timeFrom="10:00" timeTo="11:30" personsCount="4" customerName="Unicorn College" note="" videoNeeded="false" meetingRoomCode="EBC-C7-MR:1_1"></Reservation><Reservation date="28/10/2016" timeFrom="09:00" timeTo="09:01" personsCount="3" customerName="22" note="jkljlk" videoNeeded="false" meetingRoomCode="EBC-C7-MR:1_1"></Reservation><Reservation date="01/01/2016" timeFrom="10:00" timeTo="11:00" personsCount="2" customerName="22" note="22" videoNeeded="false" meetingRoomCode="EBC-C7-MR:1_1"></Reservation></meetingRooms><meetingRooms meetingRoomCode="EBC-C7-MR:1_2"></meetingRooms><meetingRooms meetingRoomCode="EBC-C7-MR:1_3"></meetingRooms><meetingRooms meetingRoomCode="EBC-C7-MR:2_4"></meetingRooms><meetingRooms meetingRoomCode="EBC-C7-MR:2_5"><Reservation date="30/10/2016" timeFrom="03:30" timeTo="03:45" personsCount="1" customerName="custname" note="cust with videoconf" videoNeeded="true" meetingRoomCode="EBC-C7-MR:2_5"></Reservation></meetingRooms></meetingCentres><meetingCentres meetingCentreCode="EBC-MC_PAR"><meetingRooms meetingRoomCode="EBC-PAR-MR:0_1"><Reservation date="29/10/2016" timeFrom="10:00" timeTo="11:30" personsCount="20" customerName="Unicorn College" note="note 123" videoNeeded="false" meetingRoomCode="EBC-PAR-MR:0_1"></Reservation><Reservation date="29/10/2016" timeFrom="13:30" timeTo="12:00" personsCount="20" customerName="Unicorn 1" note="note 1" videoNeeded="false" meetingRoomCode="EBC-PAR-MR:0_1"></Reservation><Reservation date="30/10/2016" timeFrom="04:30" timeTo="7:30" personsCount="3" customerName="Cust abc" note="note abc" videoNeeded="false" meetingRoomCode="EBC-PAR-MR:0_1"></Reservation><Reservation date="30/10/2016" timeFrom="19:00" timeTo="19:01" personsCount="1" customerName="22" note="note 1" videoNeeded="false" meetingRoomCode="EBC-PAR-MR:0_1"></Reservation></meetingRooms><meetingRooms meetingRoomCode="EBC-PAR-MR:1_1"></meetingRooms><meetingRooms meetingRoomCode="EBC-PAR-MR:1_2"></meetingRooms></meetingCentres><meetingCentres meetingCentreCode="EBC-MC_BRNO"></meetingCentres></reservationsList>