<?xml version="1.0" encoding="UTF-8" ?>
<!DOCTYPE facelet-taglib PUBLIC "-//Sun Microsystems, Inc.//DTD Facelet Taglib 1.0//EN" "http://java.sun.com/dtd/facelet-taglib_1_0.dtd">
<facelet-taglib>
	<namespace>http://www.unicorcollege.cz/JEE/Library</namespace>
	<tag>
		<tag-name>trip</tag-name>
		<source>tags/trip.xhtml</source>
	</tag>
	<function>
		<function-name>asList</function-name>
		<function-class>cz.ucl.jsf.Utils</function-class>
		<function-signature>java.util.List asList(java.util.Collection)</function-signature>
	</function>
</facelet-taglib>